state_ut,lag_2020_count,lag_2021_count,target_count,population_2022_lakhs
Andhra Pradesh,115,115,134,530.3
Arunachal Pradesh,6,19,30,15.5
Assam,333,327,298,354.9
Bihar,100,88,34,1255.3
Chhattisgarh,12,6,10,299.5
Goa,7,7,11,15.7
Gujarat,28,25,41,709.3
Haryana,199,169,157,299.7
Himachal Pradesh,64,45,71,74.4
Jharkhand,211,97,84,391.4
Karnataka,164,214,172,674.1
Kerala,171,146,297,356.8
Madhya Pradesh,17,28,18,858.9
Maharashtra,252,218,174,1257.4
Manipur,191,171,178,32.0
Meghalaya,23,17,8,33.3
Mizoram,0,0,2,12.3
Nagaland,5,10,6,22.2
Odisha,2,13,1,460.8
Punjab,70,72,78,306.0
Rajasthan,97,65,92,804.4
Sikkim,0,2,4,6.8
Tamil Nadu,668,654,634,767.1
Telangana,67,125,99,379.5
Tripura,13,26,30,41.2
Uttar Pradesh,2217,1862,2231,2340.9
Uttarakhand,2,19,37,115.6
West Bengal,235,274,224,987.6
Total State (S),5269,4814,5155,13403.0
Andaman and Nicobar Islands,0,2,2,4.0
Chandigarh,0,1,3,12.2
Dadra and Nagar Haveli and Daman and Diu,2,4,2,12.0
Delhi,18,18,22,211.0
Jammu and Kashmir,317,313,417,135.4
Ladakh,0,0,0,3.0
Lakshadweep,3,8,4,0.7
Puducherry,4,4,5,16.2
Total UT (S),344,350,455,394.5
Total All India,5613,5164,5610,13797.5
