Sl. No.,State/UT,SC/ST (Prevention of Atrocities) Act r/w IPC (Total) - I - Col.(3),SC/ST (Prevention of Atrocities) Act r/w IPC (Total) - V - Col.(4),SC/ST (Prevention of Atrocities) Act r/w IPC (Total) - R - Col.(5),SC/ST (Prevention of Atrocities) Act - Murder (Sec. 302 IPC) - I - Col.(6),SC/ST (Prevention of Atrocities) Act - Murder (Sec. 302 IPC) - V - Col.(7),SC/ST (Prevention of Atrocities) Act - Murder (Sec. 302 IPC) - R - Col.(8),SC/ST (Prevention of Atrocities) Act - Attempt to Commit Murder (Sec. 307 IPC) - I - Col.(9),SC/ST (Prevention of Atrocities) Act - Attempt to Commit Murder (Sec. 307 IPC) - V - Col.(10),SC/ST (Prevention of Atrocities) Act - Attempt to Commit Murder (Sec. 307 IPC) - R - Col.(11),"SC/ST (Prevention of Atrocities) Act r/w IPC - Simple Hurt (Secs. 323 r/w 324, 327, 328, 330, 332, 353 IPC) - I - Col.(12)","SC/ST (Prevention of Atrocities) Act r/w IPC - Simple Hurt (Secs. 323 r/w 324, 327, 328, 330, 332, 353 IPC) - V - Col.(13)","SC/ST (Prevention of Atrocities) Act r/w IPC - Simple Hurt (Secs. 323 r/w 324, 327, 328, 330, 332, 353 IPC) - R - Col.(14)",SC/ST (Prevention of Atrocities) Act r/w IPC - Grievous Hurt - Grievous Hurt (Sec. 325 and 326 IPC) (Total) - I - Col.(15),SC/ST (Prevention of Atrocities) Act r/w IPC - Grievous Hurt - Grievous Hurt (Sec. 325 and 326 IPC) (Total) - V - Col.(16),SC/ST (Prevention of Atrocities) Act r/w IPC - Grievous Hurt - Grievous Hurt (Sec. 325 and 326 IPC) (Total) - R - Col.(17),SC/ST (Prevention of Atrocities) Act r/w IPC - Grievous Hurt - A) Grievous Hurt - I - Col.(18),SC/ST (Prevention of Atrocities) Act r/w IPC - Grievous Hurt - A) Grievous Hurt - V - Col.(19),SC/ST (Prevention of Atrocities) Act r/w IPC - Grievous Hurt - A) Grievous Hurt - R - Col.(20),SC/ST (Prevention of Atrocities) Act r/w IPC - Grievous Hurt - B) Acid Attack (Sec. 326A IPC) - I - Col.(21),SC/ST (Prevention of Atrocities) Act r/w IPC - Grievous Hurt - B) Acid Attack (Sec. 326A IPC) - V - Col.(22),SC/ST (Prevention of Atrocities) Act r/w IPC - Grievous Hurt - B) Acid Attack (Sec. 326A IPC) - R - Col.(23),SC/ST (Prevention of Atrocities) Act r/w IPC - Grievous Hurt - C) Attempt to Acid Attack (Sec. 326B IPC) - I - Col.(24),SC/ST (Prevention of Atrocities) Act r/w IPC - Grievous Hurt - C) Attempt to Acid Attack (Sec. 326B IPC) - V - Col.(25),SC/ST (Prevention of Atrocities) Act r/w IPC - Grievous Hurt - C) Attempt to Acid Attack (Sec. 326B IPC) - R - Col.(26),"SC/ST (Prevention of Atrocities) Act r/w IPC - Grievous Hurt - D) Other Grievous Hurt (Secs. 329, 331, 333, 335 IPC) - I - Col.(27)","SC/ST (Prevention of Atrocities) Act r/w IPC - Grievous Hurt - D) Other Grievous Hurt (Secs. 329, 331, 333, 335 IPC) - V - Col.(28)","SC/ST (Prevention of Atrocities) Act r/w IPC - Grievous Hurt - D) Other Grievous Hurt (Secs. 329, 331, 333, 335 IPC) - R - Col.(29)",SC/ST (Prevention of Atrocities) Act r/w IPC - Assault on Women with Intent to Outrage her Modesty - Assault on Women with Intent to Outrage her Modesty (Adults+Children) - I - Col.(30),SC/ST (Prevention of Atrocities) Act r/w IPC - Assault on Women with Intent to Outrage her Modesty - Assault on Women with Intent to Outrage her Modesty (Adults+Children) - V - Col.(31),SC/ST (Prevention of Atrocities) Act r/w IPC - Assault on Women with Intent to Outrage her Modesty - Assault on Women with Intent to Outrage her Modesty (Adults+Children) - R - Col.(32),SC/ST (Prevention of Atrocities) Act r/w IPC - Assault on Women with Intent to Outrage her Modesty - A) Assault on Women (Above 18 years) - I - Col.(33),SC/ST (Prevention of Atrocities) Act r/w IPC - Assault on Women with Intent to Outrage her Modesty - A) Assault on Women (Above 18 years) - V - Col.(34),SC/ST (Prevention of Atrocities) Act r/w IPC - Assault on Women with Intent to Outrage her Modesty - A) Assault on Women (Above 18 years) - R - Col.(35),SC/ST (Prevention of Atrocities) Act r/w IPC - Assault on Women with Intent to Outrage her Modesty - a1) Assault on Adult Women with Intent to Outrage her Modesty (Sec. 354 IPC) - I - Col.(36),SC/ST (Prevention of Atrocities) Act r/w IPC - Assault on Women with Intent to Outrage her Modesty - a1) Assault on Adult Women with Intent to Outrage her Modesty (Sec. 354 IPC) - V - Col.(37),SC/ST (Prevention of Atrocities) Act r/w IPC - Assault on Women with Intent to Outrage her Modesty - a1) Assault on Adult Women with Intent to Outrage her Modesty (Sec. 354 IPC) - R - Col.(38),SC/ST (Prevention of Atrocities) Act r/w IPC - Assault on Women with Intent to Outrage her Modesty - a2) Sexual Harassment (Sec. 354A IPC) - I - Col.(39),SC/ST (Prevention of Atrocities) Act r/w IPC - Assault on Women with Intent to Outrage her Modesty - a2) Sexual Harassment (Sec. 354A IPC) - V - Col.(40),SC/ST (Prevention of Atrocities) Act r/w IPC - Assault on Women with Intent to Outrage her Modesty - a2) Sexual Harassment (Sec. 354A IPC) - R - Col.(41),SC/ST (Prevention of Atrocities) Act r/w IPC - Assault on Women with Intent to Outrage her Modesty - a3) Assault or use of Criminal Force on women with intent to Disrobe (Sec. 354B IPC) - I - Col.(42),SC/ST (Prevention of Atrocities) Act r/w IPC - Assault on Women with Intent to Outrage her Modesty - a3) Assault or use of Criminal Force on women with intent to Disrobe (Sec. 354B IPC) - V - Col.(43),SC/ST (Prevention of Atrocities) Act r/w IPC - Assault on Women with Intent to Outrage her Modesty - a3) Assault or use of Criminal Force on women with intent to Disrobe (Sec. 354B IPC) - R - Col.(44),SC/ST (Prevention of Atrocities) Act r/w IPC - Assault on Women with Intent to Outrage her Modesty - a4) Voyeurism (Sec. 354C IPC) - I - Col.(45),SC/ST (Prevention of Atrocities) Act r/w IPC - Assault on Women with Intent to Outrage her Modesty - a4) Voyeurism (Sec. 354C IPC) - V - Col.(46),SC/ST (Prevention of Atrocities) Act r/w IPC - Assault on Women with Intent to Outrage her Modesty - a4) Voyeurism (Sec. 354C IPC) - R - Col.(47),SC/ST (Prevention of Atrocities) Act r/w IPC - Assault on Women with Intent to Outrage her Modesty - a5) Stalking (Sec. 354D IPC) - I - Col.(48),SC/ST (Prevention of Atrocities) Act r/w IPC - Assault on Women with Intent to Outrage her Modesty - a5) Stalking (Sec. 354D IPC) - V - Col.(49),SC/ST (Prevention of Atrocities) Act r/w IPC - Assault on Women with Intent to Outrage her Modesty - a5) Stalking (Sec. 354D IPC) - R - Col.(50),SC/ST (Prevention of Atrocities) Act r/w IPC - Assault on Women with Intent to Outrage her Modesty - B) Assault of Children POCSO Act 8 and 10 or POCSO Act (Sec. 8 and 10 r/w 354 IPC) - I - Col.(51),SC/ST (Prevention of Atrocities) Act r/w IPC - Assault on Women with Intent to Outrage her Modesty - B) Assault of Children POCSO Act 8 and 10 or POCSO Act (Sec. 8 and 10 r/w 354 IPC) - V - Col.(52),SC/ST (Prevention of Atrocities) Act r/w IPC - Assault on Women with Intent to Outrage her Modesty - B) Assault of Children POCSO Act 8 and 10 or POCSO Act (Sec. 8 and 10 r/w 354 IPC) - R - Col.(53),SC/ST (Prevention of Atrocities) Act r/w IPC - Insult to the Modesty of Women (Sec. 509 IPC) - Col.(54),SC/ST (Prevention of Atrocities) Act r/w IPC - Insult to the Modesty of Women (Sec. 509 IPC) - Col.(55),SC/ST (Prevention of Atrocities) Act r/w IPC - Insult to the Modesty of Women (Sec. 509 IPC) - Col.(56),"SC/ST (Prevention of Atrocities) Act r/w IPC - Kidnapping and Abduction - Kidnapping and Abduction (Sec. 363, 363A, 364, 364A, 365, 366, 366A, 367, 368 and 369 IPC) (Total) - I - Col.(57)","SC/ST (Prevention of Atrocities) Act r/w IPC - Kidnapping and Abduction - Kidnapping and Abduction (Sec. 363, 363A, 364, 364A, 365, 366, 366A, 367, 368 and 369 IPC) (Total) - V - Col.(58)","SC/ST (Prevention of Atrocities) Act r/w IPC - Kidnapping and Abduction - Kidnapping and Abduction (Sec. 363, 363A, 364, 364A, 365, 366, 366A, 367, 368 and 369 IPC) (Total) - R - Col.(59)",SC/ST (Prevention of Atrocities) Act r/w IPC - Kidnapping and Abduction - Kidnapping and Abduction (Sec. 363 IPC) - I - Col.(60),SC/ST (Prevention of Atrocities) Act r/w IPC - Kidnapping and Abduction - Kidnapping and Abduction (Sec. 363 IPC) - V - Col.(61),SC/ST (Prevention of Atrocities) Act r/w IPC - Kidnapping and Abduction - Kidnapping and Abduction (Sec. 363 IPC) - R - Col.(62),SC/ST (Prevention of Atrocities) Act r/w IPC - Kidnapping and Abduction - A) Missing Children Deemed as Kidnapped - I - Col.(63),SC/ST (Prevention of Atrocities) Act r/w IPC - Kidnapping and Abduction - A) Missing Children Deemed as Kidnapped - V - Col.(64),SC/ST (Prevention of Atrocities) Act r/w IPC - Kidnapping and Abduction - A) Missing Children Deemed as Kidnapped - R - Col.(65),SC/ST (Prevention of Atrocities) Act r/w IPC - Kidnapping and Abduction - B)Other Kidnapping and Abduction - I - Col.(66),SC/ST (Prevention of Atrocities) Act r/w IPC - Kidnapping and Abduction - B)Other Kidnapping and Abduction - V - Col.(67),SC/ST (Prevention of Atrocities) Act r/w IPC - Kidnapping and Abduction - B)Other Kidnapping and Abduction - R - Col.(68),SC/ST (Prevention of Atrocities) Act r/w IPC - Kidnapping and Abduction - Kidnapping and Abduction for the Purpose of Begging (Sec 363A IPC) - I - Col.(69),SC/ST (Prevention of Atrocities) Act r/w IPC - Kidnapping and Abduction - Kidnapping and Abduction for the Purpose of Begging (Sec 363A IPC) - V - Col.(70),SC/ST (Prevention of Atrocities) Act r/w IPC - Kidnapping and Abduction - Kidnapping and Abduction for the Purpose of Begging (Sec 363A IPC) - R - Col.(71),SC/ST (Prevention of Atrocities) Act r/w IPC - Kidnapping and Abduction - Kidnapping and Abduction in order to Murder (Sec.364 IPC) - I - Col.(72),SC/ST (Prevention of Atrocities) Act r/w IPC - Kidnapping and Abduction - Kidnapping and Abduction in order to Murder (Sec.364 IPC) - V - Col.(73),SC/ST (Prevention of Atrocities) Act r/w IPC - Kidnapping and Abduction - Kidnapping and Abduction in order to Murder (Sec.364 IPC) - R - Col.(74),SC/ST (Prevention of Atrocities) Act r/w IPC - Kidnapping and Abduction - Kidnapping for Ransom (Sec. 364A IPC) - I - Col.(75),SC/ST (Prevention of Atrocities) Act r/w IPC - Kidnapping and Abduction - Kidnapping for Ransom (Sec. 364A IPC) - V - Col.(76),SC/ST (Prevention of Atrocities) Act r/w IPC - Kidnapping and Abduction - Kidnapping for Ransom (Sec. 364A IPC) - R - Col.(77),SC/ST (Prevention of Atrocities) Act r/w IPC - Kidnapping and Abduction - Kidnapping and Abduction of Women to compel her for marriage (Sec.366 IPC) - I - Col.(78),SC/ST (Prevention of Atrocities) Act r/w IPC - Kidnapping and Abduction - Kidnapping and Abduction of Women to compel her for marriage (Sec.366 IPC) - V - Col.(79),SC/ST (Prevention of Atrocities) Act r/w IPC - Kidnapping and Abduction - Kidnapping and Abduction of Women to compel her for marriage (Sec.366 IPC) - R - Col.(80),SC/ST (Prevention of Atrocities) Act r/w IPC - Kidnapping and Abduction - Procuration of Minor Girls (Sec. 366A IPC) - I - Col.(81),SC/ST (Prevention of Atrocities) Act r/w IPC - Kidnapping and Abduction - Procuration of Minor Girls (Sec. 366A IPC) - V - Col.(82),SC/ST (Prevention of Atrocities) Act r/w IPC - Kidnapping and Abduction - Procuration of Minor Girls (Sec. 366A IPC) - R - Col.(83),"SC/ST (Prevention of Atrocities) Act r/w IPC - Kidnapping and Abduction - Other Kidnapping and Abduction (Sec.365,366B, 367,368,369 IPC) - I - Col.(84)","SC/ST (Prevention of Atrocities) Act r/w IPC - Kidnapping and Abduction - Other Kidnapping and Abduction (Sec.365,366B, 367,368,369 IPC) - V - Col.(85)","SC/ST (Prevention of Atrocities) Act r/w IPC - Kidnapping and Abduction - Other Kidnapping and Abduction (Sec.365,366B, 367,368,369 IPC) - R - Col.(86)",SC/ST (Prevention of Atrocities) Act r/w IPC - Rape (Sec. 376 IPC) (Total) - I - Col.(87),SC/ST (Prevention of Atrocities) Act r/w IPC - Rape (Sec. 376 IPC) (Total) - V - Col.(88),SC/ST (Prevention of Atrocities) Act r/w IPC - Rape (Sec. 376 IPC) (Total) - R - Col.(89),SC/ST (Prevention of Atrocities) Act r/w IPC - A) Rape of Women (Sec. 376 IPC) (Above 18 yrs) - I - Col.(90),SC/ST (Prevention of Atrocities) Act r/w IPC - A) Rape of Women (Sec. 376 IPC) (Above 18 yrs) - V - Col.(91),SC/ST (Prevention of Atrocities) Act r/w IPC - A) Rape of Women (Sec. 376 IPC) (Above 18 yrs) - R - Col.(92),SC/ST (Prevention of Atrocities) Act r/w IPC - B) Rape of Children (Sec. 4 and 6 of POCSO Act or POCSO 4and6 r/w 376 IPC) (Below 18 yrs) - I - Col.(93),SC/ST (Prevention of Atrocities) Act r/w IPC - B) Rape of Children (Sec. 4 and 6 of POCSO Act or POCSO 4and6 r/w 376 IPC) (Below 18 yrs) - V - Col.(94),SC/ST (Prevention of Atrocities) Act r/w IPC - B) Rape of Children (Sec. 4 and 6 of POCSO Act or POCSO 4and6 r/w 376 IPC) (Below 18 yrs) - R - Col.(95),SC/ST (Prevention of Atrocities) Act r/w IPC - Attempt to Commit Rape (Sec. 376/511 IPC) - I - Col.(96),SC/ST (Prevention of Atrocities) Act r/w IPC - Attempt to Commit Rape (Sec. 376/511 IPC) - V - Col.(97),SC/ST (Prevention of Atrocities) Act r/w IPC - Attempt to Commit Rape (Sec. 376/511 IPC) - R - Col.(98),SC/ST (Prevention of Atrocities) Act r/w IPC - Rioting (Sec. 147-151 IPC) - I - Col.(99),SC/ST (Prevention of Atrocities) Act r/w IPC - Rioting (Sec. 147-151 IPC) - V - Col.(100),SC/ST (Prevention of Atrocities) Act r/w IPC - Rioting (Sec. 147-151 IPC) - R - Col.(101),"SC/ST (Prevention of Atrocities) Act r/w IPC - Robbery (Sec. 392 to 394, 397 and 398 IPC) - I - Col.(102)","SC/ST (Prevention of Atrocities) Act r/w IPC - Robbery (Sec. 392 to 394, 397 and 398 IPC) - V - Col.(103)","SC/ST (Prevention of Atrocities) Act r/w IPC - Robbery (Sec. 392 to 394, 397 and 398 IPC) - R - Col.(104)","SC/ST (Prevention of Atrocities) Act r/w IPC - Dacoity (Sec. 395, 396, 397 and 398 IPC) - Dacoity (Sec. 395, 396, 397 and 398 IPC) (Total) - I - Col.(105)","SC/ST (Prevention of Atrocities) Act r/w IPC - Dacoity (Sec. 395, 396, 397 and 398 IPC) - Dacoity (Sec. 395, 396, 397 and 398 IPC) (Total) - V - Col.(106)","SC/ST (Prevention of Atrocities) Act r/w IPC - Dacoity (Sec. 395, 396, 397 and 398 IPC) - Dacoity (Sec. 395, 396, 397 and 398 IPC) (Total) - R - Col.(107)","SC/ST (Prevention of Atrocities) Act r/w IPC - Dacoity (Sec. 395, 396, 397 and 398 IPC) - A) Dacoity with Murder (Sec. 396 IPC) - I - Col.(108)","SC/ST (Prevention of Atrocities) Act r/w IPC - Dacoity (Sec. 395, 396, 397 and 398 IPC) - A) Dacoity with Murder (Sec. 396 IPC) - V - Col.(109)","SC/ST (Prevention of Atrocities) Act r/w IPC - Dacoity (Sec. 395, 396, 397 and 398 IPC) - A) Dacoity with Murder (Sec. 396 IPC) - R - Col.(110)","SC/ST (Prevention of Atrocities) Act r/w IPC - Dacoity (Sec. 395, 396, 397 and 398 IPC) - B) Dacoity (Sec. 395, 397, 398 IPC) - I - Col.(111)","SC/ST (Prevention of Atrocities) Act r/w IPC - Dacoity (Sec. 395, 396, 397 and 398 IPC) - B) Dacoity (Sec. 395, 397, 398 IPC) - V - Col.(112)","SC/ST (Prevention of Atrocities) Act r/w IPC - Dacoity (Sec. 395, 396, 397 and 398 IPC) - B) Dacoity (Sec. 395, 397, 398 IPC) - R - Col.(113)","SC/ST (Prevention of Atrocities) Act r/w IPC - Arson (Sec. 435, 436 and 438 IPC) - I - Col.(114)","SC/ST (Prevention of Atrocities) Act r/w IPC - Arson (Sec. 435, 436 and 438 IPC) - V - Col.(115)","SC/ST (Prevention of Atrocities) Act r/w IPC - Arson (Sec. 435, 436 and 438 IPC) - R - Col.(116)",SC/ST (Prevention of Atrocities) Act r/w IPC - Criminal Intimidation (Sec. 506 IPC) - I - Col.(117),SC/ST (Prevention of Atrocities) Act r/w IPC - Criminal Intimidation (Sec. 506 IPC) - V - Col.(118),SC/ST (Prevention of Atrocities) Act r/w IPC - Criminal Intimidation (Sec. 506 IPC) - R - Col.(119),SC/ST (Prevention of Atrocities) Act r/w IPC - Other IPC crimes - I - Col.(120),SC/ST (Prevention of Atrocities) Act r/w IPC - Other IPC crimes - V - Col.(121),SC/ST (Prevention of Atrocities) Act r/w IPC - Other IPC crimes - R - Col.(122),SC / ST (Prevention of Atrocities) Act only - SC / ST (Prevention of Atrocities) Act only (Total) (Without IPC) - I - Col.(123),SC / ST (Prevention of Atrocities) Act only - SC / ST (Prevention of Atrocities) Act only (Total) (Without IPC) - V - Col.(124),SC / ST (Prevention of Atrocities) Act only - SC / ST (Prevention of Atrocities) Act only (Total) (Without IPC) - R - Col.(125),SC / ST (Prevention of Atrocities) Act only - A) Intentionally Insult or Intimidate with Intent to Humiliate - I - Col.(126),SC / ST (Prevention of Atrocities) Act only - A) Intentionally Insult or Intimidate with Intent to Humiliate - V - Col.(127),SC / ST (Prevention of Atrocities) Act only - A) Intentionally Insult or Intimidate with Intent to Humiliate - R - Col.(128),SC / ST (Prevention of Atrocities) Act only - B)Occupy/Disposes Land Belongs to STs - I - Col.(129),SC / ST (Prevention of Atrocities) Act only - B)Occupy/Disposes Land Belongs to STs - V - Col.(130),SC / ST (Prevention of Atrocities) Act only - B)Occupy/Disposes Land Belongs to STs - R - Col.(131),SC / ST (Prevention of Atrocities) Act only - C) Prevent or deny or obstruct usage of public place/passage - I - Col.(132),SC / ST (Prevention of Atrocities) Act only - C) Prevent or deny or obstruct usage of public place/passage - V - Col.(133),SC / ST (Prevention of Atrocities) Act only - C) Prevent or deny or obstruct usage of public place/passage - R - Col.(134),SC / ST (Prevention of Atrocities) Act only - D) Force to leave place of Residence/Social Boycott - I - Col.(135),SC / ST (Prevention of Atrocities) Act only - D) Force to leave place of Residence/Social Boycott - V - Col.(136),SC / ST (Prevention of Atrocities) Act only - D) Force to leave place of Residence/Social Boycott - R - Col.(137),SC / ST (Prevention of Atrocities) Act only - E) Other Offences - I - Col.(138),E) Other Offences - V - Col.(139),E) Other Offences - R - Col.(140),Total of SC/ST (Prevention of Atrocities) Act (With and Without IPC) - I - Col.(141),Total of SC/ST (Prevention of Atrocities) Act (With and Without IPC) - V - Col.(142),Total of SC/ST (Prevention of Atrocities) Act (With and Without IPC) - R - Col.(143),"Protection of Civil Rights Act, 1955 - I - Col.(144)","Protection of Civil Rights Act, 1955 - V - Col.(145)","Protection of Civil Rights Act, 1955 - R - Col.(146)",Total Crime/Atrocities against Scheduled Tribes - I - Col.(147),Total Crime/Atrocities against Scheduled Tribes - V - Col.(148),Total Crime/Atrocities against Scheduled Tribes - R - Col.(149)
1,Andhra Pradesh,379,396,14.4,8,8,0.3,10,10,0.4,87,92,3.3,2,2,0.1,2,2,0.1,0,0,0,0,0,0,0,0,0,50,57,1.9,47,54,1.8,28,33,1.1,12,14,0.5,2,2,0.1,1,1,0,4,4,0.2,3,3,0.1,30,30,1.1,8,8,0.3,7,7,0.3,1,1,0,6,6,0.2,0,0,0,0,0,0,0,0,0,1,1,0,0,0,0,0,0,0,29,29,1.1,19,19,0.7,10,10,0.4,1,1,0,1,1,0,0,0,0,0,0,0,0,0,0,0,0,0,0,0,0,37,38,1.4,116,120,4.4,17,19,0.6,6,8,0.2,1,1,0,0,0,0,0,0,0,10,10,0.4,396,415,15.1,0,0,0,396,415,15.1
2,Arunachal Pradesh,0,0,0,0,0,0,0,0,0,0,0,0,0,0,0,0,0,0,0,0,0,0,0,0,0,0,0,0,0,0,0,0,0,0,0,0,0,0,0,0,0,0,0,0,0,0,0,0,0,0,0,0,0,0,0,0,0,0,0,0,0,0,0,0,0,0,0,0,0,0,0,0,0,0,0,0,0,0,0,0,0,0,0,0,0,0,0,0,0,0,0,0,0,0,0,0,0,0,0,0,0,0,0,0,0,0,0,0,0,0,0,0,0,0,0,0,0,0,0,0,0,0,0,0,0,0,0,0,0,0,0,0,0,0,0,0,0,0,0,0,0,0,0,0,0,0,0
3,Assam,5,8,0.1,0,0,0,0,0,0,0,0,0,0,0,0,0,0,0,0,0,0,0,0,0,0,0,0,0,0,0,0,0,0,0,0,0,0,0,0,0,0,0,0,0,0,0,0,0,0,0,0,0,0,0,0,0,0,0,0,0,0,0,0,0,0,0,0,0,0,0,0,0,0,0,0,0,0,0,0,0,0,0,0,0,1,1,0,0,0,0,1,1,0,0,0,0,0,0,0,0,0,0,0,0,0,0,0,0,0,0,0,0,0,0,0,0,0,4,7,0.1,4,4,0.1,4,4,0.1,0,0,0,0,0,0,0,0,0,0,0,0,9,12,0.2,0,0,0,9,12,0.2
4,Bihar,146,148,10.9,0,0,0,2,2,0.1,138,139,10.3,0,0,0,0,0,0,0,0,0,0,0,0,0,0,0,3,4,0.2,3,4,0.2,0,0,0,1,1,0.1,2,3,0.1,0,0,0,0,0,0,0,0,0,0,0,0,1,1,0.1,1,1,0.1,0,0,0,1,1,0.1,0,0,0,0,0,0,0,0,0,0,0,0,0,0,0,0,0,0,1,1,0.1,0,0,0,1,1,0.1,0,0,0,0,0,0,0,0,0,0,0,0,0,0,0,0,0,0,1,1,0.1,0,0,0,0,0,0,0,0,0,0,0,0,0,0,0,0,0,0,0,0,0,0,0,0,146,148,10.9,0,0,0,146,148,10.9
5,Chhattisgarh,510,514,6.5,13,13,0.2,7,7,0.1,49,51,0.6,4,4,0.1,4,4,0.1,0,0,0,0,0,0,0,0,0,70,70,0.9,48,48,0.6,33,33,0.4,10,10,0.1,0,0,0,0,0,0,5,5,0.1,22,22,0.3,2,2,0,7,7,0.1,3,3,0,1,1,0,2,2,0,0,0,0,0,0,0,0,0,0,2,2,0,0,0,0,2,2,0,212,212,2.7,90,90,1.2,122,122,1.6,1,1,0,16,16,0.2,1,1,0,3,3,0,0,0,0,3,3,0,0,0,0,10,10,0.1,115,117,1.5,6,6,0.1,0,0,0,4,4,0.1,0,0,0,0,0,0,2,2,0,516,520,6.6,0,0,0,516,520,6.6
6,Goa,1,1,0.7,0,0,0,0,0,0,0,0,0,0,0,0,0,0,0,0,0,0,0,0,0,0,0,0,0,0,0,0,0,0,0,0,0,0,0,0,0,0,0,0,0,0,0,0,0,0,0,0,0,0,0,0,0,0,0,0,0,0,0,0,0,0,0,0,0,0,0,0,0,0,0,0,0,0,0,0,0,0,0,0,0,1,1,0.7,0,0,0,1,1,0.7,0,0,0,0,0,0,0,0,0,0,0,0,0,0,0,0,0,0,0,0,0,0,0,0,0,0,0,0,0,0,0,0,0,0,0,0,0,0,0,0,0,0,0,0,0,1,1,0.7,0,0,0,1,1,0.7
7,Gujarat,322,362,3.6,12,12,0.1,9,14,0.1,20,21,0.2,21,29,0.2,21,29,0.2,0,0,0,0,0,0,0,0,0,17,18,0.2,12,12,0.1,5,5,0.1,4,4,0,1,1,0,0,0,0,2,2,0,5,6,0.1,1,1,0,12,13,0.1,4,4,0,1,1,0,3,3,0,0,0,0,0,0,0,0,0,0,6,6,0.1,0,0,0,2,3,0,58,58,0.7,22,22,0.2,36,36,0.4,0,0,0,15,25,0.2,2,2,0,1,1,0,0,0,0,1,1,0,0,0,0,91,102,1,63,66,0.7,8,8,0.1,8,8,0.1,0,0,0,0,0,0,0,0,0,0,0,0,330,370,3.7,0,0,0,330,370,3.7
8,Haryana,0,0,NA,0,0,NA,0,0,NA,0,0,NA,0,0,NA,0,0,NA,0,0,NA,0,0,NA,0,0,NA,0,0,NA,0,0,NA,0,0,NA,0,0,NA,0,0,NA,0,0,NA,0,0,NA,0,0,NA,0,0,NA,0,0,NA,0,0,NA,0,0,NA,0,0,NA,0,0,NA,0,0,NA,0,0,NA,0,0,NA,0,0,NA,0,0,NA,0,0,NA,0,0,NA,0,0,NA,0,0,NA,0,0,NA,0,0,NA,0,0,NA,0,0,NA,0,0,NA,0,0,NA,0,0,NA,0,0,NA,0,0,NA,0,0,NA,0,0,NA,0,0,NA,0,0,NA,0,0,NA,0,0,NA,0,0,NA,0,0,NA
9,Himachal Pradesh,0,0,0,0,0,0,0,0,0,0,0,0,0,0,0,0,0,0,0,0,0,0,0,0,0,0,0,0,0,0,0,0,0,0,0,0,0,0,0,0,0,0,0,0,0,0,0,0,0,0,0,0,0,0,0,0,0,0,0,0,0,0,0,0,0,0,0,0,0,0,0,0,0,0,0,0,0,0,0,0,0,0,0,0,0,0,0,0,0,0,0,0,0,0,0,0,0,0,0,0,0,0,0,0,0,0,0,0,0,0,0,0,0,0,0,0,0,0,0,0,4,4,1,3,3,0.8,0,0,0,0,0,0,0,0,0,1,1,0.3,4,4,1,0,0,0,4,4,1
10,Jharkhand,131,133,1.5,2,2,0,4,4,0,46,47,0.5,3,3,0,3,3,0,0,0,0,0,0,0,0,0,0,9,9,0.1,9,9,0.1,8,8,0.1,1,1,0,0,0,0,0,0,0,0,0,0,0,0,0,0,0,0,0,0,0,0,0,0,0,0,0,0,0,0,0,0,0,0,0,0,0,0,0,0,0,0,0,0,0,0,0,0,9,10,0.1,7,8,0.1,2,2,0,0,0,0,3,3,0,0,0,0,0,0,0,0,0,0,0,0,0,0,0,0,6,6,0.1,49,49,0.6,152,152,1.8,43,43,0.5,26,26,0.3,0,0,0,19,19,0.2,64,64,0.7,283,285,3.3,0,0,0,283,285,3.3
11,Karnataka,434,577,10.2,17,19,0.4,37,50,0.9,69,93,1.6,10,10,0.2,10,10,0.2,0,0,0,0,0,0,0,0,0,92,136,2.2,86,130,2,66,103,1.6,8,9,0.2,11,17,0.3,0,0,0,1,1,0,6,6,0.1,2,2,0,1,1,0,1,1,0,0,0,0,1,1,0,0,0,0,0,0,0,0,0,0,0,0,0,0,0,0,0,0,0,51,51,1.2,17,17,0.4,34,34,0.8,1,1,0,41,81,1,6,8,0.1,1,1,0,0,0,0,1,1,0,0,0,0,61,74,1.4,45,50,1.1,4,5,0.1,1,1,0,0,0,0,0,0,0,0,0,0,3,4,0.1,438,582,10.3,0,0,0,438,582,10.3
12,Kerala,167,169,34.4,5,5,1,1,1,0.2,33,34,6.8,9,9,1.9,9,9,1.9,0,0,0,0,0,0,0,0,0,36,37,7.4,27,28,5.6,17,17,3.5,8,8,1.7,0,0,0,0,0,0,2,3,0.4,9,9,1.9,2,2,0.4,3,3,0.6,3,3,0.6,0,0,0,3,3,0.6,0,0,0,0,0,0,0,0,0,0,0,0,0,0,0,0,0,0,43,43,8.9,16,16,3.3,27,27,5.6,1,1,0.2,4,4,0.8,0,0,0,0,0,0,0,0,0,0,0,0,0,0,0,6,6,1.2,24,24,5,5,5,1,2,2,0.4,0,0,0,0,0,0,0,0,0,3,3,0.6,172,174,35.5,0,0,0,172,174,35.5
13,Madhya Pradesh,2979,3067,19.4,61,61,0.4,43,45,0.3,1607,1651,10.5,52,55,0.3,52,55,0.3,0,0,0,0,0,0,0,0,0,314,314,2.1,251,251,1.6,170,170,1.1,56,56,0.4,1,1,0,3,3,0,21,21,0.1,63,63,0.4,2,2,0,43,43,0.3,26,26,0.2,7,7,0,19,19,0.1,0,0,0,0,0,0,0,0,0,9,9,0.1,3,3,0,5,5,0,359,366,2.3,203,210,1.3,156,156,1,0,0,0,17,18,0.1,1,1,0,1,1,0,0,0,0,1,1,0,7,7,0,131,159,0.9,341,344,2.2,0,0,0,0,0,0,0,0,0,0,0,0,0,0,0,0,0,0,2979,3067,19.4,0,0,0,2979,3067,19.4
14,Maharashtra,688,764,6.5,26,26,0.2,19,21,0.2,52,58,0.5,34,47,0.3,34,47,0.3,0,0,0,0,0,0,0,0,0,163,163,1.6,128,128,1.2,74,74,0.7,42,42,0.4,5,5,0,0,0,0,7,7,0.1,35,35,0.3,3,3,0,14,14,0.1,10,10,0.1,4,4,0,6,6,0.1,0,0,0,0,0,0,0,0,0,2,2,0,0,0,0,2,2,0,176,177,1.7,116,116,1.1,60,61,0.6,0,0,0,57,83,0.5,4,5,0,0,0,0,0,0,0,0,0,0,2,2,0,1,1,0,137,164,1.3,54,58,0.5,31,33,0.3,1,1,0,1,1,0,0,0,0,21,23,0.2,742,822,7.1,0,0,0,742,822,7.1
15,Manipur,1,1,0.1,0,0,0,0,0,0,0,0,0,0,0,0,0,0,0,0,0,0,0,0,0,0,0,0,0,0,0,0,0,0,0,0,0,0,0,0,0,0,0,0,0,0,0,0,0,0,0,0,0,0,0,0,0,0,0,0,0,0,0,0,0,0,0,0,0,0,0,0,0,0,0,0,0,0,0,0,0,0,0,0,0,1,1,0.1,1,1,0.1,0,0,0,0,0,0,0,0,0,0,0,0,0,0,0,0,0,0,0,0,0,0,0,0,0,0,0,0,0,0,0,0,0,0,0,0,0,0,0,0,0,0,0,0,0,0,0,0,1,1,0.1,0,0,0,1,1,0.1
16,Meghalaya,0,0,0,0,0,0,0,0,0,0,0,0,0,0,0,0,0,0,0,0,0,0,0,0,0,0,0,0,0,0,0,0,0,0,0,0,0,0,0,0,0,0,0,0,0,0,0,0,0,0,0,0,0,0,0,0,0,0,0,0,0,0,0,0,0,0,0,0,0,0,0,0,0,0,0,0,0,0,0,0,0,0,0,0,0,0,0,0,0,0,0,0,0,0,0,0,0,0,0,0,0,0,0,0,0,0,0,0,0,0,0,0,0,0,0,0,0,0,0,0,0,0,0,0,0,0,0,0,0,0,0,0,0,0,0,0,0,0,0,0,0,0,0,0,0,0,0
17,Mizoram,29,31,2.8,4,4,0.4,2,2,0.2,5,5,0.5,4,4,0.4,4,4,0.4,0,0,0,0,0,0,0,0,0,7,7,0.7,3,3,0.3,3,3,0.3,0,0,0,0,0,0,0,0,0,0,0,0,4,4,0.4,0,0,0,0,0,0,0,0,0,0,0,0,0,0,0,0,0,0,0,0,0,0,0,0,0,0,0,0,0,0,0,0,0,5,7,0.5,0,0,0,5,7,0.5,0,0,0,0,0,0,1,1,0.1,1,1,0.1,1,1,0.1,0,0,0,0,0,0,0,0,0,0,0,0,0,0,0,0,0,0,0,0,0,0,0,0,0,0,0,0,0,0,29,31,2.8,0,0,0,29,31,2.8
18,Nagaland,0,0,0,0,0,0,0,0,0,0,0,0,0,0,0,0,0,0,0,0,0,0,0,0,0,0,0,0,0,0,0,0,0,0,0,0,0,0,0,0,0,0,0,0,0,0,0,0,0,0,0,0,0,0,0,0,0,0,0,0,0,0,0,0,0,0,0,0,0,0,0,0,0,0,0,0,0,0,0,0,0,0,0,0,0,0,0,0,0,0,0,0,0,0,0,0,0,0,0,0,0,0,0,0,0,0,0,0,0,0,0,0,0,0,0,0,0,0,0,0,0,0,0,0,0,0,0,0,0,0,0,0,0,0,0,0,0,0,0,0,0,0,0,0,0,0,0
19,Odisha,773,774,8.1,16,16,0.2,60,61,0.6,3,3,0,1,1,0,1,1,0,0,0,0,0,0,0,0,0,0,10,10,0.1,9,9,0.1,4,4,0,2,2,0,3,3,0,0,0,0,0,0,0,1,1,0,0,0,0,1,1,0,1,1,0,0,0,0,1,1,0,0,0,0,0,0,0,0,0,0,0,0,0,0,0,0,0,0,0,131,131,1.4,123,123,1.3,8,8,0.1,0,0,0,2,2,0,1,1,0,1,1,0,0,0,0,1,1,0,4,4,0,118,118,1.2,425,425,4.4,0,0,0,0,0,0,0,0,0,0,0,0,0,0,0,0,0,0,773,774,8.1,0,0,0,773,774,8.1
20,Punjab,0,0,NA,0,0,NA,0,0,NA,0,0,NA,0,0,NA,0,0,NA,0,0,NA,0,0,NA,0,0,NA,0,0,NA,0,0,NA,0,0,NA,0,0,NA,0,0,NA,0,0,NA,0,0,NA,0,0,NA,0,0,NA,0,0,NA,0,0,NA,0,0,NA,0,0,NA,0,0,NA,0,0,NA,0,0,NA,0,0,NA,0,0,NA,0,0,NA,0,0,NA,0,0,NA,0,0,NA,0,0,NA,0,0,NA,0,0,NA,0,0,NA,0,0,NA,0,0,NA,0,0,NA,0,0,NA,0,0,NA,0,0,NA,0,0,NA,0,0,NA,0,0,NA,0,0,NA,0,0,NA,0,0,NA,0,0,NA,0,0,NA
21,Rajasthan,2498,2680,27,40,40,0.4,50,50,0.5,608,609,6.6,5,5,0.1,5,5,0.1,0,0,0,0,0,0,0,0,0,198,200,2.1,190,192,2.1,155,156,1.7,11,11,0.1,14,15,0.2,1,1,0,9,9,0.1,8,8,0.1,2,2,0,46,47,0.5,19,19,0.2,7,7,0.1,12,12,0.1,1,1,0,0,0,0,0,0,0,8,8,0.1,0,0,0,18,19,0.2,163,163,1.8,146,146,1.6,17,17,0.2,9,9,0.1,5,5,0.1,5,5,0.1,0,0,0,0,0,0,0,0,0,2,2,0,0,0,0,1365,1543,14.8,23,24,0.2,13,14,0.1,0,0,0,0,0,0,0,0,0,10,10,0.1,2521,2704,27.3,0,0,0,2521,2704,27.3
22,Sikkim,1,1,0.5,0,0,0,0,0,0,0,0,0,0,0,0,0,0,0,0,0,0,0,0,0,0,0,0,1,1,0.5,1,1,0.5,1,1,0.5,0,0,0,0,0,0,0,0,0,0,0,0,0,0,0,0,0,0,0,0,0,0,0,0,0,0,0,0,0,0,0,0,0,0,0,0,0,0,0,0,0,0,0,0,0,0,0,0,0,0,0,0,0,0,0,0,0,0,0,0,0,0,0,0,0,0,0,0,0,0,0,0,0,0,0,0,0,0,0,0,0,0,0,0,3,3,1.5,3,3,1.5,0,0,0,0,0,0,0,0,0,0,0,0,4,4,1.9,0,0,0,4,4,1.9
23,Tamil Nadu,61,67,7.7,2,2,0.3,1,1,0.1,24,28,3,0,0,0,0,0,0,0,0,0,0,0,0,0,0,0,7,7,0.9,4,4,0.5,2,2,0.3,2,2,0.3,0,0,0,0,0,0,0,0,0,3,3,0.4,0,0,0,0,0,0,0,0,0,0,0,0,0,0,0,0,0,0,0,0,0,0,0,0,0,0,0,0,0,0,0,0,0,14,14,1.8,3,3,0.4,11,11,1.4,0,0,0,0,0,0,0,0,0,0,0,0,0,0,0,0,0,0,0,0,0,10,10,1.3,3,5,0.4,6,6,0.8,6,6,0.8,0,0,0,0,0,0,0,0,0,0,0,0,67,73,8.4,0,0,0,67,73,8.4
24,Telangana,529,549,16.1,10,10,0.3,7,8,0.2,81,87,2.5,0,0,0,0,0,0,0,0,0,0,0,0,0,0,0,40,43,1.2,37,40,1.1,23,26,0.7,8,8,0.2,1,1,0,1,1,0,4,4,0.1,3,3,0.1,20,20,0.6,4,4,0.1,1,1,0,0,0,0,1,1,0,1,1,0,0,0,0,1,1,0,0,0,0,0,0,0,1,1,0,86,86,2.6,45,45,1.4,41,41,1.2,0,0,0,2,2,0.1,0,0,0,0,0,0,0,0,0,0,0,0,0,0,0,95,96,2.9,184,193,5.6,16,16,0.5,9,9,0.3,0,0,0,0,0,0,0,0,0,7,7,0.2,545,565,16.6,0,0,0,545,565,16.6
25,Tripura,0,0,0,0,0,0,0,0,0,0,0,0,0,0,0,0,0,0,0,0,0,0,0,0,0,0,0,0,0,0,0,0,0,0,0,0,0,0,0,0,0,0,0,0,0,0,0,0,0,0,0,0,0,0,0,0,0,0,0,0,0,0,0,0,0,0,0,0,0,0,0,0,0,0,0,0,0,0,0,0,0,0,0,0,0,0,0,0,0,0,0,0,0,0,0,0,0,0,0,0,0,0,0,0,0,0,0,0,0,0,0,0,0,0,0,0,0,0,0,0,3,4,0.3,1,1,0.1,2,3,0.2,0,0,0,0,0,0,0,0,0,3,4,0.3,0,0,0,3,4,0.3
26,Uttar Pradesh,5,5,0.4,0,0,0,0,0,0,0,0,0,0,0,0,0,0,0,0,0,0,0,0,0,0,0,0,0,0,0,0,0,0,0,0,0,0,0,0,0,0,0,0,0,0,0,0,0,0,0,0,0,0,0,0,0,0,0,0,0,0,0,0,0,0,0,0,0,0,0,0,0,0,0,0,0,0,0,0,0,0,0,0,0,0,0,0,0,0,0,0,0,0,0,0,0,0,0,0,0,0,0,0,0,0,0,0,0,0,0,0,0,0,0,0,0,0,5,5,0.4,0,0,0,0,0,0,0,0,0,0,0,0,0,0,0,0,0,0,5,5,0.4,0,0,0,5,5,0.4
27,Uttarakhand,1,1,0.3,0,0,0,0,0,0,0,0,0,0,0,0,0,0,0,0,0,0,0,0,0,0,0,0,0,0,0,0,0,0,0,0,0,0,0,0,0,0,0,0,0,0,0,0,0,0,0,0,0,0,0,0,0,0,0,0,0,0,0,0,0,0,0,0,0,0,0,0,0,0,0,0,0,0,0,0,0,0,0,0,0,1,1,0.3,1,1,0.3,0,0,0,0,0,0,0,0,0,0,0,0,0,0,0,0,0,0,0,0,0,0,0,0,0,0,0,0,0,0,0,0,0,0,0,0,0,0,0,0,0,0,0,0,0,0,0,0,1,1,0.3,0,0,0,1,1,0.3
28,West Bengal,71,122,1.3,1,1,0,6,9,0.1,2,2,0,10,15,0.2,10,15,0.2,0,0,0,0,0,0,0,0,0,4,4,0.1,3,3,0.1,1,1,0,1,1,0,1,1,0,0,0,0,0,0,0,1,1,0,0,0,0,0,0,0,0,0,0,0,0,0,0,0,0,0,0,0,0,0,0,0,0,0,0,0,0,0,0,0,0,0,0,6,6,0.1,3,3,0.1,3,3,0.1,3,3,0.1,0,0,0,0,0,0,0,0,0,0,0,0,0,0,0,0,0,0,1,1,0,38,81,0.7,19,23,0.4,0,0,0,2,2,0,0,0,0,0,0,0,17,21,0.3,90,145,1.7,0,0,0,90,145,1.7
Total State (S),Total State (S),9731,10370,9.5,217,219,0.2,258,285,0.3,2824,2920,2.7,155,184,0.2,155,184,0.2,0,0,0,0,0,0,0,0,0,1021,1080,1,858,916,0.8,590,636,0.6,166,169,0.2,41,49,0,6,6,0,55,56,0.1,163,164,0.2,64,64,0.1,140,142,0.1,76,76,0.1,21,21,0,55,55,0.1,2,2,0,0,0,0,1,1,0,28,28,0,3,3,0,30,32,0,1347,1358,1.3,812,820,0.8,535,538,0.5,16,16,0,163,240,0.2,21,24,0,8,8,0,1,1,0,7,7,0,16,16,0,567,621,0.6,2914,3193,2.8,324,337,0.3,130,135,0.1,36,37,0,1,1,0,19,19,0,138,145,0.1,10055,10707,9.8,0,0,0,10055,10707,9.8
29,Andaman and Nicobar Islands,3,3,10.5,0,0,0,0,0,0,2,2,7,0,0,0,0,0,0,0,0,0,0,0,0,0,0,0,1,1,3.5,1,1,3.5,1,1,3.5,0,0,0,0,0,0,0,0,0,0,0,0,0,0,0,0,0,0,0,0,0,0,0,0,0,0,0,0,0,0,0,0,0,0,0,0,0,0,0,0,0,0,0,0,0,0,0,0,0,0,0,0,0,0,0,0,0,0,0,0,0,0,0,0,0,0,0,0,0,0,0,0,0,0,0,0,0,0,0,0,0,0,0,0,0,0,0,0,0,0,0,0,0,0,0,0,0,0,0,0,0,0,3,3,10.5,0,0,0,3,3,10.5
30,Chandigarh,0,0,NA,0,0,NA,0,0,NA,0,0,NA,0,0,NA,0,0,NA,0,0,NA,0,0,NA,0,0,NA,0,0,NA,0,0,NA,0,0,NA,0,0,NA,0,0,NA,0,0,NA,0,0,NA,0,0,NA,0,0,NA,0,0,NA,0,0,NA,0,0,NA,0,0,NA,0,0,NA,0,0,NA,0,0,NA,0,0,NA,0,0,NA,0,0,NA,0,0,NA,0,0,NA,0,0,NA,0,0,NA,0,0,NA,0,0,NA,0,0,NA,0,0,NA,0,0,NA,0,0,NA,0,0,NA,0,0,NA,0,0,NA,0,0,NA,0,0,NA,0,0,NA,0,0,NA,0,0,NA,0,0,NA,0,0,NA,0,0,NA
31,Dadra and Nagar Haveli and Daman and Diu,0,0,0,0,0,0,0,0,0,0,0,0,0,0,0,0,0,0,0,0,0,0,0,0,0,0,0,0,0,0,0,0,0,0,0,0,0,0,0,0,0,0,0,0,0,0,0,0,0,0,0,0,0,0,0,0,0,0,0,0,0,0,0,0,0,0,0,0,0,0,0,0,0,0,0,0,0,0,0,0,0,0,0,0,0,0,0,0,0,0,0,0,0,0,0,0,0,0,0,0,0,0,0,0,0,0,0,0,0,0,0,0,0,0,0,0,0,0,0,0,5,7,2.6,0,0,0,5,7,2.6,0,0,0,0,0,0,0,0,0,5,7,2.6,0,0,0,5,7,2.6
32,Delhi,0,0,NA,0,0,NA,0,0,NA,0,0,NA,0,0,NA,0,0,NA,0,0,NA,0,0,NA,0,0,NA,0,0,NA,0,0,NA,0,0,NA,0,0,NA,0,0,NA,0,0,NA,0,0,NA,0,0,NA,0,0,NA,0,0,NA,0,0,NA,0,0,NA,0,0,NA,0,0,NA,0,0,NA,0,0,NA,0,0,NA,0,0,NA,0,0,NA,0,0,NA,0,0,NA,0,0,NA,0,0,NA,0,0,NA,0,0,NA,0,0,NA,0,0,NA,0,0,NA,0,0,NA,0,0,NA,0,0,NA,0,0,NA,0,0,NA,0,0,NA,0,0,NA,0,0,NA,0,0,NA,0,0,NA,0,0,NA,0,0,NA
33,Jammu and Kashmir,1,1,0.1,0,0,0,0,0,0,0,0,0,0,0,0,0,0,0,0,0,0,0,0,0,0,0,0,0,0,0,0,0,0,0,0,0,0,0,0,0,0,0,0,0,0,0,0,0,0,0,0,0,0,0,0,0,0,0,0,0,0,0,0,0,0,0,0,0,0,0,0,0,0,0,0,0,0,0,0,0,0,0,0,0,0,0,0,0,0,0,0,0,0,0,0,0,0,0,0,0,0,0,0,0,0,0,0,0,0,0,0,0,0,0,0,0,0,1,1,0.1,0,0,0,0,0,0,0,0,0,0,0,0,0,0,0,0,0,0,1,1,0.1,0,0,0,1,1,0.1
34,Ladakh,0,0,0,0,0,0,0,0,0,0,0,0,0,0,0,0,0,0,0,0,0,0,0,0,0,0,0,0,0,0,0,0,0,0,0,0,0,0,0,0,0,0,0,0,0,0,0,0,0,0,0,0,0,0,0,0,0,0,0,0,0,0,0,0,0,0,0,0,0,0,0,0,0,0,0,0,0,0,0,0,0,0,0,0,0,0,0,0,0,0,0,0,0,0,0,0,0,0,0,0,0,0,0,0,0,0,0,0,0,0,0,0,0,0,0,0,0,0,0,0,0,0,0,0,0,0,0,0,0,0,0,0,0,0,0,0,0,0,0,0,0,0,0,0,0,0,0
35,Lakshadweep,0,0,0,0,0,0,0,0,0,0,0,0,0,0,0,0,0,0,0,0,0,0,0,0,0,0,0,0,0,0,0,0,0,0,0,0,0,0,0,0,0,0,0,0,0,0,0,0,0,0,0,0,0,0,0,0,0,0,0,0,0,0,0,0,0,0,0,0,0,0,0,0,0,0,0,0,0,0,0,0,0,0,0,0,0,0,0,0,0,0,0,0,0,0,0,0,0,0,0,0,0,0,0,0,0,0,0,0,0,0,0,0,0,0,0,0,0,0,0,0,0,0,0,0,0,0,0,0,0,0,0,0,0,0,0,0,0,0,0,0,0,0,0,0,0,0,0
36,Puducherry,0,0,NA,0,0,NA,0,0,NA,0,0,NA,0,0,NA,0,0,NA,0,0,NA,0,0,NA,0,0,NA,0,0,NA,0,0,NA,0,0,NA,0,0,NA,0,0,NA,0,0,NA,0,0,NA,0,0,NA,0,0,NA,0,0,NA,0,0,NA,0,0,NA,0,0,NA,0,0,NA,0,0,NA,0,0,NA,0,0,NA,0,0,NA,0,0,NA,0,0,NA,0,0,NA,0,0,NA,0,0,NA,0,0,NA,0,0,NA,0,0,NA,0,0,NA,0,0,NA,0,0,NA,0,0,NA,0,0,NA,0,0,NA,0,0,NA,0,0,NA,0,0,NA,0,0,NA,0,0,NA,0,0,NA,0,0,NA,0,0,NA
Total UT (S),Total UT (S),4,4,0.2,0,0,0,0,0,0,2,2,0.1,0,0,0,0,0,0,0,0,0,0,0,0,0,0,0,1,1,0.1,1,1,0.1,1,1,0.1,0,0,0,0,0,0,0,0,0,0,0,0,0,0,0,0,0,0,0,0,0,0,0,0,0,0,0,0,0,0,0,0,0,0,0,0,0,0,0,0,0,0,0,0,0,0,0,0,0,0,0,0,0,0,0,0,0,0,0,0,0,0,0,0,0,0,0,0,0,0,0,0,0,0,0,0,0,0,0,0,0,1,1,0.1,5,7,0.3,0,0,0,5,7,0.3,0,0,0,0,0,0,0,0,0,9,11,0.5,0,0,0,9,11,0.5
Total All India,Total All India,9735,10374,9.3,217,219,0.2,258,285,0.2,2826,2922,2.7,155,184,0.1,155,184,0.1,0,0,0,0,0,0,0,0,0,1022,1081,1,859,917,0.8,591,637,0.6,166,169,0.2,41,49,0,6,6,0,55,56,0.1,163,164,0.2,64,64,0.1,140,142,0.1,76,76,0.1,21,21,0,55,55,0.1,2,2,0,0,0,0,1,1,0,28,28,0,3,3,0,30,32,0,1347,1358,1.3,812,820,0.8,535,538,0.5,16,16,0,163,240,0.2,21,24,0,8,8,0,1,1,0,7,7,0,16,16,0,567,621,0.5,2915,3194,2.8,329,344,0.3,130,135,0.1,41,44,0,1,1,0,19,19,0,138,145,0.1,10064,10718,9.6,0,0,0,10064,10718,9.6
