Sl. No.,Crime Head,Cases Reported against Juveniles,Below 12 Years - Boys,Below 12 Years - Girls,Below 12 Years - Trans,Below 12 Years - Total,12 Years and Above and below 16 Years - Boys,12 Years and Above and below 16 Years - Girls,12 Years and Above and below 16 Years - Trans,12 Years and Above and below 16 Years - Total,16 Years and Above and below 18 Years - Boys,16 Years and Above and below 18 Years - Girls,16 Years and Above and below 18 Years - Trans,16 Years and Above and below 18 Years - Total,Total - Boys,Total - Girls,Total - Trans,Total
1,The Dowry Prohibition Act,1,0,0,0,0,0,0,0,0,1,1,0,2,1,1,0,2
2,The Immoral Traffic (Prevention) Act,1,0,0,0,0,0,0,0,0,1,0,0,1,1,0,0,1
3,The Protection of Women from Domestic Violence Act,0,0,0,0,0,0,0,0,0,0,0,0,0,0,0,0,0
4,The Indecent Representation of Women (Prohibition) Act,0,0,0,0,0,0,0,0,0,0,0,0,0,0,0,0,0
Crime Against Women - Related Acts,Crime Against Women - Related Acts,2,0,0,0,0,0,0,0,0,2,1,0,3,2,1,0,3
5,The Protection of Children from Sexual Offences Act,2356,41,0,0,41,648,1,0,649,1878,4,0,1882,2567,5,0,2572
6,The Juvenile Justice (Care and Protection of Children) Act,12,2,0,0,2,8,0,0,8,8,0,0,8,18,0,0,18
7,The Prohibition of Child Marriage Act,4,0,0,0,0,0,0,0,0,4,0,0,4,4,0,0,4
8,The Pre-Natal Diagnostic Techniques (Reg and Prev of Misuse) Act,0,0,0,0,0,0,0,0,0,0,0,0,0,0,0,0,0
9,The Child Labour (Prohibition and Regulation) Act,1,0,0,0,0,0,0,0,0,1,0,0,1,1,0,0,1
10,The Medical Termination of Pregnancy Act,1,0,0,0,0,0,0,0,0,1,0,0,1,1,0,0,1
Children Related - Acts,Children Related - Acts,2374,43,0,0,43,656,1,0,657,1892,4,0,1896,2591,5,0,2596
11,The SC/ST (Prevention of Atrocities) Act for crimes against SCs,4,0,0,0,0,1,0,0,1,3,0,0,3,4,0,0,4
12,The SC/ST (Prevention of Atrocities) Act for crimes against STs,1,0,0,0,0,1,0,0,1,0,0,0,0,1,0,0,1
13,The Protection of Civil Rights Act for crimes against SCs,0,0,0,0,0,0,0,0,0,0,0,0,0,0,0,0,0
14,The Protection of Civil Rights Act cor crimes against STs,0,0,0,0,0,0,0,0,0,0,0,0,0,0,0,0,0
Scheduled Castes and Scheduled Tribes - Related Acts,Scheduled Castes and Scheduled Tribes - Related Acts,5,0,0,0,0,2,0,0,2,3,0,0,3,5,0,0,5
15,The Prevention of Damage to Public Property Act,22,0,0,0,0,0,0,0,0,31,0,0,31,31,0,0,31
16,The Unlawful Activities (P) Act,17,0,0,0,0,2,0,0,2,21,0,0,21,23,0,0,23
17,The Official Secrets Act,0,0,0,0,0,0,0,0,0,0,0,0,0,0,0,0,0
Offences against State - Related Acts,Offences against State - Related Acts,39,0,0,0,0,2,0,0,2,52,0,0,52,54,0,0,54
18,The Arms Act,351,0,0,0,0,49,0,0,49,371,0,0,371,420,0,0,420
19,The Explosives Act,2,0,0,0,0,0,0,0,0,3,0,0,3,3,0,0,3
20,The Explosive Substances Act,10,0,0,0,0,3,0,0,3,17,0,0,17,20,0,0,20
Arms/Explosive - Related Acts,Arms/Explosive - Related Acts,363,0,0,0,0,52,0,0,52,391,0,0,391,443,0,0,443
21,The Information Technology Act,62,1,0,0,1,14,0,0,14,51,0,0,51,66,0,0,66
22,The Copy Right Act,1,0,0,0,0,0,0,0,0,1,0,0,1,1,0,0,1
23,The Trade Marks Act,0,0,0,0,0,0,0,0,0,0,0,0,0,0,0,0,0
Information Technology/Intellectual Property - Related Acts,Information Technology/Intellectual Property - Related Acts,63,1,0,0,1,14,0,0,14,52,0,0,52,67,0,0,67
24,The Lotteries (Regulation) Act,1,0,0,0,0,0,0,0,0,1,0,0,1,1,0,0,1
25,The Chit Funds Acts,0,0,0,0,0,0,0,0,0,0,0,0,0,0,0,0,0
26,The Negotiable Instruments Act,0,0,0,0,0,0,0,0,0,0,0,0,0,0,0,0,0
27,The Benami Transaction (Prohibition) Act,0,0,0,0,0,0,0,0,0,0,0,0,0,0,0,0,0
28,The Mines and Minerals (Development and Regulation) Act,24,0,0,0,0,1,0,0,1,23,0,0,23,24,0,0,24
29,Prevention of Corruption Act,0,0,0,0,0,0,0,0,0,0,0,0,0,0,0,0,0
Finance and Economic Acts,Finance and Economic Acts,25,0,0,0,0,1,0,0,1,24,0,0,24,25,0,0,25
30,Prohibition Act (State),261,2,0,0,2,48,1,0,49,271,2,0,273,321,3,0,324
31,The Excise Act,191,0,0,0,0,35,0,0,35,174,0,0,174,209,0,0,209
32,The Narcotic Drugs and Psychotropic Substances Act,387,2,0,0,2,54,0,0,54,408,0,0,408,464,0,0,464
Liquor and Narcotic Drugs - Related Acts,Liquor and Narcotic Drugs - Related Acts,839,4,0,0,4,137,1,0,138,853,2,0,855,994,3,0,997
