Sl. No.,Type of Complaint,Type of Sub Complaint,Number of Complaints,Number of FIRs Registered,Number of Online/ eFIR Registered
1,Total Oral Complaints,Total Oral Complaints,7004582,665716,0
1.1,Oral Complaints,Narrated to O/C / SHO,891128,585831,0
1.2,Oral Complaints,Distress call over phone/Dial 100 etc,6113454,79885,0
2,Total Written Complaints,Written Complaints,9634098,4958349,200881
2.1,Written Complaints,To O/C / SHO,4944515,3249660,0
2.2,Written Complaints,To SP/Senior Officers,1267812,159022,0
2.3,Written Complaints,Electronic Form,882502,113742,200881
2.4,Written Complaints,Court Complaints,122748,115573,0
2.5,Written Complaints,NHRC and SHRC,31313,3388,0
2.6,Written Complaints,Commissions for SCs,7557,553,0
2.7,Written Complaints,Commissions for STs,1133,352,0
2.8,Written Complaints,National/State Commission for Women,42714,3604,0
2.9,Written Complaints,Children Welfare Boards/Commission,1748,515,0
2.1,Written Complaints,Complaints Initiated Suo-moto by police,1232044,1143023,0
2.11,Written Complaints,Any Others Written Complaints,1100012,168917,0
Total Complaints/FIRs,Total Complaints/FIRs,Total Complaints/FIRs,16638680,5624065,200881
