Sl. No.,State/UT,Suicide,Death due to illness/ Death in Hospitals during treatment,Injuries sustained prior to police custody,Injuries sustained during the police custody due to physical assault by police,While Escaping from Custody,Road Accidents/ Journey Connected with Investigation,Others,Total
1,Andhra Pradesh,3,4,0,0,0,0,0,7
2,Arunachal Pradesh,0,0,0,0,0,0,0,0
3,Assam,0,0,0,0,2,0,0,2
4,Bihar,1,1,0,0,0,0,0,2
5,Chhattisgarh,0,0,0,0,0,0,0,0
6,Goa,0,0,0,0,0,0,0,0
7,Gujarat,8,5,0,0,1,0,0,14
8,Haryana,1,0,0,0,0,0,0,1
9,Himachal Pradesh,0,0,0,0,0,0,0,0
10,Jharkhand,1,0,0,0,0,0,0,1
11,Karnataka,0,0,1,0,0,0,0,1
12,Kerala,0,0,0,0,0,0,0,0
13,Madhya Pradesh,4,4,0,0,0,0,0,8
14,Maharashtra,2,8,0,0,1,0,0,11
15,Manipur,1,0,0,0,0,0,0,1
16,Meghalaya,0,0,0,0,0,0,0,0
17,Mizoram,0,2,0,0,0,0,0,2
18,Nagaland,0,0,0,0,0,0,0,0
19,Odisha,0,0,0,0,0,0,1,1
20,Punjab,6,0,0,0,0,0,0,6
21,Rajasthan,1,3,0,0,1,0,2,7
22,Sikkim,0,0,0,0,0,0,0,0
23,Tamil Nadu,0,4,0,0,1,0,0,5
24,Telangana,0,0,0,0,0,0,0,0
25,Tripura,0,0,0,0,0,0,0,0
26,Uttar Pradesh,0,0,0,1,0,0,0,1
27,Uttarakhand,0,0,0,0,1,0,0,1
28,West Bengal,1,1,0,0,0,0,0,2
Total States,Total States,29,32,1,1,7,0,3,73
29,Andaman and Nicobar Islands,0,0,0,0,0,0,0,0
30,Chandigarh,0,0,0,0,0,0,0,0
31,Dadra and Nagar Haveli and Daman and Diu,0,0,0,0,0,0,0,0
32,Delhi,1,0,0,0,0,0,0,1
33,Jammu and Kashmir,1,0,0,0,0,0,0,1
34,Ladakh,0,0,0,0,0,0,0,0
35,Lakshadweep,0,0,0,0,0,0,0,0
36,Puducherry,0,0,0,0,0,0,0,0
Total UTs,Total UTs,2,0,0,0,0,0,0,2
Total All India,Total All India,31,32,1,1,7,0,3,75
