image,detections,detected_classes
C:\Users\dipak\OneDrive\Desktop\college work\Data science creative\PYTHON\practical\projects\Streamlit project\CRIME X\data\processed\dl_yolo\images\test\Datacluster Fire and Smoke Sample (90).jpg,0,
C:\Users\dipak\OneDrive\Desktop\college work\Data science creative\PYTHON\practical\projects\Streamlit project\CRIME X\data\processed\dl_yolo\images\test\Datacluster Fire and Smoke Sample (91).jpg,0,
C:\Users\dipak\OneDrive\Desktop\college work\Data science creative\PYTHON\practical\projects\Streamlit project\CRIME X\data\processed\dl_yolo\images\test\Datacluster Fire and Smoke Sample (92).jpg,0,
C:\Users\dipak\OneDrive\Desktop\college work\Data science creative\PYTHON\practical\projects\Streamlit project\CRIME X\data\processed\dl_yolo\images\test\Datacluster Fire and Smoke Sample (93).jpg,0,
C:\Users\dipak\OneDrive\Desktop\college work\Data science creative\PYTHON\practical\projects\Streamlit project\CRIME X\data\processed\dl_yolo\images\test\Datacluster Fire and Smoke Sample (94).jpg,0,
C:\Users\dipak\OneDrive\Desktop\college work\Data science creative\PYTHON\practical\projects\Streamlit project\CRIME X\data\processed\dl_yolo\images\test\Datacluster Fire and Smoke Sample (95).jpg,0,
C:\Users\dipak\OneDrive\Desktop\college work\Data science creative\PYTHON\practical\projects\Streamlit project\CRIME X\data\processed\dl_yolo\images\test\Datacluster Fire and Smoke Sample (96).jpg,0,
C:\Users\dipak\OneDrive\Desktop\college work\Data science creative\PYTHON\practical\projects\Streamlit project\CRIME X\data\processed\dl_yolo\images\test\Datacluster Fire and Smoke Sample (97).jpg,0,
C:\Users\dipak\OneDrive\Desktop\college work\Data science creative\PYTHON\practical\projects\Streamlit project\CRIME X\data\processed\dl_yolo\images\test\Datacluster Fire and Smoke Sample (98).jpg,0,
C:\Users\dipak\OneDrive\Desktop\college work\Data science creative\PYTHON\practical\projects\Streamlit project\CRIME X\data\processed\dl_yolo\images\test\Datacluster Fire and Smoke Sample (99).jpg,0,
